{"cameraMode":{"drawMode":0,"name":"Shaded","section":"Shading Mode"},"sceneLighting":true,"audioPlay":false,"sceneViewState":{"m_AlwaysRefresh":false,"showFog":true,"showSkybox":true,"showFlares":true,"showImageEffects":true,"showParticleSystems":true,"showVisualEffectGraphs":true,"m_FxEnabled":true},"in2DMode":false,"pivot":{"x":-111.25516510009766,"y":263.7341003417969,"z":-811.0115356445313},"rotation":{"x":-0.017693152651190759,"y":0.29107749462127688,"z":0.0054038879461586479,"w":0.9565415382385254},"size":13.222963333129883,"orthographic":false}